4,101,10/03/2010,Hola Mundo.
1,102,11/05/2010,Buenos Días.
5,103,14/06/2010,¿Cómo estás?
9,104,15/08/2010,Feliz día.
2,105,23/10/2010,Semana de Estudio.
6,106,31/12/2010,Feliz año nuevo.
7,107,1/1/2011,Feliz año nuevo.
11,108,2/1/2011,Feliz año nuevo.
10,109,3/1/2011,Feliz año nuevo.
3,110,4/1/2011,Feliz año nuevo.
8,111,5/1/2011,Feliz año nuevo.
15,112,6/1/2011,Feliz año nuevo.
12,113,7/1/2011,Feliz año nuevo.
20,114,8/1/2011,Feliz año nuevo.
16,115,9/1/2011,Feliz año nuevo.
14,116,10/1/2011,Feliz año nuevo.
18,117,11/1/2011,Feliz año nuevo.
19,118,12/1/2011,Feliz año nuevo.
13,119,13/1/2011,Feliz año nuevo.
17,120,14/1/2011,Feliz año nuevo.